{"accuracy": [0.6108684539794922, 0.8642435669898987, 0.9168646335601807, 0.9428977966308594, 0.9564406871795654, 0.9658865928649902, 0.9721601605415344, 0.9760438203811646, 0.9792161583900452, 0.9829291105270386], "loss": [1.309944748878479, 0.4299517571926117, 0.25856828689575195, 0.1776176244020462, 0.13253825902938843, 0.10428376495838165, 0.08392291516065598, 0.07366613298654556, 0.0621131956577301, 0.052719924598932266], "val_accuracy": [0.8441269993782043, 0.9214090704917908, 0.9282950162887573, 0.935920774936676, 0.9467334151268005, 0.9549282789230347, 0.9628385901451111, 0.965228796005249, 0.9697245359420776, 0.9692692756652832], "val_loss": [0.5055590271949768, 0.2512470483779907, 0.22104781866073608, 0.20444807410240173, 0.17278531193733215, 0.14676044881343842, 0.1328665316104889, 0.11337009072303772, 0.10381846874952316, 0.11086700111627579]}